{
    "fs": {
        "password": "111",
        "length": 166.12095540075103,
        "dnaIn": 5.298313568597446,
        "dnaOut": 34.25937292005012
    },
    "rd": {
        "password": "222",
        "length": -24.92010859570314,
        "dnaIn": 34.25937292005012,
        "dnaOut": 5.298313568597446
    }
}